id,title,description,adress,arbeidsmarktregios,created_at,updated_at
"1,""Werkboeren Friesland en Noord Holland"",""Met het project Werkboeren krijgen jongeren die een afstand hebben tot de arbeidsmarkt een kans zichzelf verder te ontwikkelen onder begeleiding van boeren. Jongeren draaien twee maanden mee op het boerenbedrijf om vaardigheden op doen, envervolgens worden deze jongeren met behulp van AB Vakwerk geplaatst bij een boer met een contract van minimaal een half jaar. Gedurende het hele project wordt zowel de Werkboer als de Wajonger ondersteund door Stichting PJS. Voordat een Werkboer en Wajonger aan elkaar worden gekoppeld wordt geâ€¹nventariseerd welke taken op het bedrijf aanwezig zijn en wordt de Wajonger gevraagd om aan te geven wat de jongere wil leren. De Wajonger kan op losse onderdelen worden gecertificeerd. "",http://www.stichting-pjs.nl/werkboeren,7,20,NULL,NULL"
"2,""Navigator Drenthe"",""Een navigator is een soort persoonlijke 'Tom-Tom'. Samen met de jongere, de ouders en de school wordt een route uitgestippeld richting werk. Bij 'files en versperringen' helpt de navigator de jongere via een alternatieve route naar de eindbestemming. Op de risicovolle overgangsmomenten zorgt de navigator voor hulp en ondersteuning. De navigator brengt samenhangende hulp- en dienstverlening dichter bij de jongere, regisseert, schaalt op en af en houdt de jongere in beeld van 12-27 jaar, ook als deze van school en aan het werk is. "",http://www.samenvoordeklant.nl/sites/default/files/bestandsbijlage/niet_uitkeringsgerechtigde_schoolverlaters_van_het_vso_en_praktijk_onderwijs_met_ig_0.pdf,4,NULL,NULL"
"3,""Arnhemse aanpak"",""De aanpak van Arnhem is gebaseerd op een intensieve samenwerking, zowel binnen de gemeenten als extern. De gemeente Arnhem heeft als centrumgemeente een nieuwe functiestructuur ingericht, speciaal voor de doelgroep: senior bestuursondersteuners, procesondersteuner bedrijfsbureau W&I, jongerenconsulent VSO, jongerenconsulent PrO en Entree bemiddelaar. Door het (deels) vrijmaken van jongerenconsulenten (met affiniteit met de doelgroep) is er meer zicht op de werking en resultaten van de leerling overleggen, de rol van partijen (UWV, MEE, scholen, Regionaal Werkgevers Servicepunt RWSP) hierin en de mogelijkheden ter verbetering. Door een tijdige inzet van ondersteuning van jongeren naar werk, een goede afstemming van de begeleiding bij de overgang van school naar werk en voldoende inzet om werkgevers tijdig te betrekken zullen meer jongeren direct een baan vinden en minder gebruik maken van een uitkering. Voor het onderdeel arbeidsmarkttoeleiding werken de jongerenconsulenten nauw samen met accountmanagers van het RWSP."",http://www.samenvoordeklant.nl/sites/default/files/bestandsbijlage/niet_uitkeringsgerechtigde_schoolverlaters_van_het_vso_en_praktijk_onderwijs_met_ig_0.pdf,16,NULL,NULL"
"4,""Werkbedrijf gemeente Lelystad"",""In 2013 hebben de gemeenteraad en het college van Lelystad besloten tot de oprichting van het Werkbedrijf Lelystad B.V. Het motto van dit re-integratiebedrijf van de gemeente Lelystad is zoveel mogelijk werkzoekenden aan de slag helpen bij een reguliere werkgever. Hierbij wordt gebruik gemaakt van de bestaande middelen en de infrastructuur van Concern voor Werk. Concern voor Werk voert de sociale werkvoorziening uit voor de gemeenten Lelystad, Noordoostpolder, Urk en Zeewolde. Het werkbedrijf heeft een brede doelstelling. En de doelgroep van schoolverlaters uit het VSO en praktijk onderwijs maken integraal onderdeel uit van de doelgroep"",http://www.samenvoordeklant.nl/sites/default/files/bestandsbijlage/niet_uitkeringsgerechtigde_schoolverlaters_van_het_vso_en_praktijk_onderwijs_met_ig_0.pdf,5,NULL,NULL"
"5,""Plaatsingsbonus Noord-Holland Noord"",""Een subsidie van maximaal â‚¬2.000,- voor werkgevers die een jongere in dienst nemen."",http://www.samenvoordeklant.nl/sites/default/files/bestandsbijlage/niet_uitkeringsgerechtigde_schoolverlaters_van_het_vso_en_praktijk_onderwijs_met_ig_0.pdf,20,NULL,NULL"
"6,""Arbeidsadviesteams (AAT's) Noord-Holland Noord"",""In de praktijk nemen per subregio de gemeenten, de scholen, het UWV en MEE deel aan het AAT. Zij komen zes keer per jaar bij elkaar en  bespreken relevante cases door en veranderingen in de regelgeving."",http://www.samenvoordeklant.nl/sites/default/files/bestandsbijlage/niet_uitkeringsgerechtigde_schoolverlaters_van_het_vso_en_praktijk_onderwijs_met_ig_0.pdf,20,NULL,NULL"
"7,""Convenant BAANWIJS"",""De ambitie van BAANWIJS: alle kwetsbare jongeren in Noord Limburg gaan naar vervolgonderwijs, hebben en behouden een werkplek, passende dagbesteding of zitten in een toeleidingstraject naar werk. Partijen bevestigen in het convenant de gezamenlijke verantwoordelijkheid om deze jongeren te laten leren en participeren in werken naar vermogen. En om te voorkomen dat zij tussen wal en het schip raken en tussen instellingen heen en weer worden geschoven. BAANWIJS begeeft zich op het terrein van opleidingen, loopbaanbegeleiding, leerwerkbedrijven, begeleiding op de werkplek en werkgevers dienstverlening."",http://www.samenvoordeklant.nl/sites/default/files/bestandsbijlage/niet_uitkeringsgerechtigde_schoolverlaters_van_het_vso_en_praktijk_onderwijs_met_ig_0.pdf,21,NULL,NULL"
"8,""Zeeuwse Stichting Maatwerk (ZSM)"",""Al meer dan 10 jaar zoeken de scholen voor VSO en Praktijkonderwijs elkaar op. Het leidend inzicht is dat ze elkaars kennis en infrastructuur nodig hebben om leerlingen voldoende variatie en perspectief op werk te kunnen aanbieden. De grote veranderingen in onderwijs, zorg, werk en inkomen maakten het noodzakelijk om innovatie capaciteit vrij te maken. Ook dat vraagt schaalgrootte. In 2011 is daarom de Zeeuwse Stichting Maatwerk (ZSM) opgericht door twee scholen. In 2013 en 2014 zijn alle VSO en PrO scholen toegetreden tot ZSM."",http://www.samenvoordeklant.nl/sites/default/files/bestandsbijlage/niet_uitkeringsgerechtigde_schoolverlaters_van_het_vso_en_praktijk_onderwijs_met_ig_0.pdf,30,NULL,NULL"
"9,""Het Plein . Zuthphen en Lochem"",""Het Plein is een gemeenschappelijke regeling van de sociale dienst voor de gemeente Zutphen , de gemeente Lochem en het SW bedrijf Delta. Ook wijkteams, welzijn- en zorgorganisaties en centrum van Jeugd en gezin In Lochem en Zutphen.  De Gemeenschappelijke regeling Het Plein voert namens de gemeente Zutphen en Lochem een aantal wetten uit die te maken hebben met werk, inkomen en mee doen in de samenleving. Het Plein werkt vanuit het principe dat het specialisme zit bij de uitvoerders van het onderwijs voor deze doelgroep - het VSO en Praktijkonderwijs.  In de praktijk leidt dat tot de volgende aanpak: de school, de leerling, tevens kandidaat werknemer, en de werkgever vinden elkaar. De contacten met werkgevers, gericht op het realiseren van stages en een arbeidsovereenkomst, worden onderhouden door de scholen. Het Plein investeert in de professionalisering van de werkgeversdienstverlening door de scholen"",http://www.samenvoordeklant.nl/sites/default/files/bestandsbijlage/niet_uitkeringsgerechtigde_schoolverlaters_van_het_vso_en_praktijk_onderwijs_met_ig_0.pdf,26,NULL,NULL"
"10,""project VOORdeel Maastricht"",""Het VOORdeel is een project dat zich richt op kwetsbare jongeren tussen de 15 en 27 jaar uit de gemeenten Maastricht en Heuvelland. Het gaat om jongeren met sociale-, emotionele,- ontwikkelings- en/of gedragsproblemen. Jongeren vanuit Voortgezet Speciaal Onderwijs en Praktijkonderwijs, hebben vaak moeite met het vinden van een plek op de arbeidsmarkt. Aanvullende bijscholing is vaak niet haalbaar en de begeleiding van deze jongeren valt weg zodra zij school verlaten. Via 'Het VOORdeel' kan deze groep, door middel van een leerwerkplek 'proeven' aan de arbeidsmarkt. Dit begint al met 'op tijd' vertrekken en het (openbaar) vervoer naar de werkplek toe. Maar ook de omgang met collega's en werkethiek krijgen aandacht. "",http://www.mtb.nl/nieuws/project-jongeren-en-parktijkonderwijs,33,NULL,NULL"
"11,""IMMENS"",""IMMENS is een onafhankelijk platform van circa 100 â€¦ 150 gerenommeerde werkgevers in de regio Maastricht Heuvelland. Zij bieden nieuwe kansen aan mensen die extra steun en aandacht nodig hebben om hun plek op de arbeidsmarkt te vinden.  "",http://immens-maastricht.nl/,33,NULL,NULL"
"12,""De Zeeuwse Stichting Maatwerk 'Voor iedere leerling een oplossing'"",""De Zeeuwse Stichting Maatwerk (ZSM) is inmiddels uitgegroeid tot een 'werkend' begrip in Zeeland en omstreken. De in totaal 17 Zeeuwse scholen voor praktijkonderwijs en voortgezet speciaal onderwijs  hebben in de zomer van  2011 de handen ineengeslagen. Waar voorheen elke afzonderlijke school probeerde oplossingen te vinden om haar leerlingen op een passende plaats in de maatschappij te krijgen, wordt nu intensief samengewerkt.  Doelgericht samenwerken leidt tot een veel breder (onderwijs)aanbod en daarmee onder meer tot verbetering van kwalificaties van leerlingen. Hierdoor krijgen jongeren met een beperking een betere positie op de arbeidsmarkt en in de samenleving. Eâ€šn van de doelen van de samenwerking binnen ZSM is om  leerlingen nog meer maatwerk te kunnen bieden op hun route naar werk door onder andere het gezamenlijk aanbieden van branchegerichte cursussen. De samenwerking is ook gericht op het actief delen van kennis en 'best practices' waardoor mogelijkheden en ideeÃ«n ontstaan voor het ontwikkelen en uitvoeren nieuwe en verbeterde arbeidstoeleidende activiteiten. Tot slot is ZSM het centrale aanspreekpunt voor ketenpartners als UWV Werkbedrijf, werkgevers, de provincie, gemeenten en het samenwerkingsverband vo.  Op de website www.zeeuwsestichtingmaatwerk.nl is meer informatie te vinden over dit initiatief. "",http://www.zeeuwsestichtingmaatwerk.nl/over-zsm/,30,NULL,NULL"
"13,""GreenFox B.V"",""Toen wij ons bedrijf startten hadden wij vooral voor ogen om met een nieuwe technologie duurzaamheid te bevorderen. Tijdens de ontwikkeling kwamen we tot de ontdekking dat voor de relatief eenvoudige technische handelingen wel veel handjes nodig waren. Zo zijn wij bij de sociale werkplaats gekomen. En nu dragen we bij aan een duurzame arbeidsmarkt door mensen in te schakelen die langs de zijlijn stonden, zodat zij laten zien wat ze allemaal wel kunnen."",http://www.denormaalstezaak.nl/greenfox-b-v-het-gaat-om-wat-je-kan/,36,NULL,NULL"
"14,""Medica Europe B.V"",""Al in 1993 maakte Medica Europe B.V., producent van en handelaar in medische disposables, afspraken met de vakbond over het plaatsen van mensen met een achterstand tot de arbeidsmarkt. In 2000 is een pilot gestart met het detacheren van vijf SW'ers vanuit de IBN-groep. De ervaringen waren zo positief dat de samenwerking werd geâ€¹ntensiveerd. Ten tijde van de krappe arbeidsmarkt in 2001 hebben we besloten een grotere groep productiemedewerkers van IBN te detacheren in onze vestiging in Oss. En tot op heden ligt de selectie van geschikte kandidaten hier bij de IBN-groep. Wij leveren de vacature en zij weten door de jarenlange samenwerking precies wie we nodig hebben. Dat werkt heel goed."",http://www.denormaalstezaak.nl/medica-europe-bv-integratie-sw-medewerkers-reguliere-bedrijfsproces/,36,NULL,NULL"
"15,""Mourik Groot-Ammers B.V.: werklozen opleiden voor duurzaam werk in de bouw"",""Mourik Groot-Ammers B.V., actief in bouw en infra, had geen Participatiewet nodig om 'inclusief' te zijn. Het familiebedrijf werkt al sinds de jaren 80 met mensen met een beperking. Personeelsfunctionaris Harnold Speekenbrink vertelt.  Sociale waarden zitten in ons DNA. We zijn een familiebedrijf dat werkt vanuit sociaal-maatschappelijke verantwoordelijkheid, menselijk oogpunt en solidariteitsprincipe. We zijn groot geworden met sociale cohesie en oog voor de menselijke maat. We bieden werk met toekomstperspectief en krijgen er gemotiveerde, vakkundige krachten voor terug. "",http://www.denormaalstezaak.nl/mourik-groot-ammers-b-v-werklozen-opleiden-voor-duurzaam-werk-in-de-bouw/,36,NULL,NULL"
"16,""TrÃ¨s bien"",""Toen we in 2012 zelf noten gingen roosteren, hebben we een productieloods opgezet op een industrieterrein aan de rand van de stad. De studenten die jarenlang in onze winkel en marktkraam een zakcentje verdienden, bleken hiervoor lastig te interesseren. Zelf had ik al een band met een medewerker uit de Wajong. Toen een jobcoach van een re-integratiebureau het idee opperde, had ik dus niet veel tijd nodig om samen naar het UWV te stappen. Nu willen we niet meer anders."",http://www.denormaalstezaak.nl/tres-bien-bedrijfsgroei-met-mensen-uit-de-wajong/,36,NULL,NULL"
"17,""Avabel"",""Avabel is een familiebedrijf in materialen voor glaszetters en produceert celband en rubberafdichtingen. 'Mijn oom en vader hadden altijd al mensen uit de Wajong in dienst. Want onze filosofie is: iedereen telt mee.' Om meer arbeidsplaatsen voor mensen met een beperking te creÃ«ren hebben we een procesontwerp van het verftraject ontwikkeld, dat deze medewerkers volledig uitvoeren. Dat werk besteedden we eerst uit.  Voor mensen uit de Wajong, hebben we een interne jobcoach. Onder zijn begeleiding werken ze een aantal weken mee, voeren verschillende taken uit om een beeld te krijgen wat lukt en wat moeilijk is. Stapsgewijs gaan ze het zoveel mogelijk zelfstandig doen, altijd in samenwerking met een ander. "",http://www.denormaalstezaak.nl/avabel-vaardigheden-kun-je-leren-eigenschappen-niet/,36,NULL,NULL"
"18,""Boni-Markten"",""Het personeelsbeleid van Boni-Markten stoelt op de kernwaarden betrouwbaar, betrokken en klantgericht. Daarom staat in datzelfde beleid dat er in elk filiaal minstens twee medewerkers met een afstand tot de arbeidsmarkt werken. Dat doel is nog niet bereikt, maar manager Helen Horozdinc-van Gemert vertelt dat het bedrijf op de goede weg is"",http://www.denormaalstezaak.nl/boni-markten-mensen-een-kans-geven-in-waar-ze-goed-in-zijn/,36,NULL,NULL"
"19,""Driekant"",""Ambachtelijke bakkerij /lunchcafâ€š Driekant biedt plek voor vijftig medewerkers. De helft daarvan heeft een leerwerkplek voor mensen met een beperking en een afstand tot de arbeidsmarkt."",http://www.denormaalstezaak.nl/driekant-wie-wil-leren-mag-werken/,36,NULL,NULL"
"20,""Copyshop Raamsdonksveer"",""Een vrolijke en prettige collega met een positieve invloed op de sfeer in het team. Zo omschrijft directeur Mandy van Ekris de medewerker met een Wajongstatus. Door zuurstofgebrek bij de geboorte is hij verstandelijk enigszins beperkt. En door zijn grootte heeft hij veel rugklachten. Hij werkt daardoor vier tot zes uur per dag. Zijn taken bestaan uit afwerking van printwerk, snijden, vouwen, maar ook pakketjes bezorgen per auto.  In de drukkerij werkt hij altijd onder begeleiding. Instructies in heldere, enkelvoudige opdrachten zijn belangrijk. We nemen de tijd om alles stap voor stap uit te leggen, dan gaat nieuwe werkzaamheden aanleren goed.  "",http://www.denormaalstezaak.nl/copyshop-raamsdonksveer-medewerker-voelt-zich-een-volwaardig-mens/,28,NULL,NULL"
"21,""Albron"",""Albron heeft met betrekking tot het werken met mensen met een arbeidsbeperking al een heldere doelstelling: 5% van het medewerkersbestand wordt opgevuld door bijzondere doelgroepen, waaronder mensen met een arbeidsbeperking vallen. Sinds 2009 werkt Albron aan het opzetten van 'sociale joint ventures' met SW-bedrijven. Binnen zo'n sociale joint venture verzorgt Albron de cateringdienstverlening in het SW-bedrijf. Deze manier van samenwerken borgt een professionele & duurzame manier van begeleiden en opleiden van deze medewerkers die vervolgens over de juiste vaardigheden beschikken om aan de slag gaan op een van de cateringlocaties in het land of op â€šâ€šn van de parken van Center Parcs, waar Albron ook het eten en drinken verzorgt."",https://werkgeversgaaninclusief.nl/sites/wgi/files/handboek_2014_-_albron.pdf,36,NULL,NULL"
"22,""DEEN"",""DEEN heeft 67 winkels in Noord-Holland, Flevoland en Zuid-Holland. Met ruim 6.000 mensen in dienst behoort DEEN tot de grootste werkgevers van West-Friesland. DEEN is klein begonnen met het werken met mensen met een arbeidsbeperking - medewerkers werden geworven in de omgeving van de winkel door middel van een briefje op de muur. Op deze manier konden ook mensen met een arbeidsbeperking hun weg naar DEEN vinden. Anderen kwamen binnen via de contacten met (praktijk)scholen en liepen stage bij DEEN, of waren familie of bekenden van medewerkers. Inmiddels is werken met mensen met een arbeidsbeperking een gewoonte binnen DEEN. Er zijn momenteel ruim 100 Wajongers in dienst."",https://werkgeversgaaninclusief.nl/sites/wgi/files/handboek_2014_-_deen.pdf,20,5,31,NULL,NULL"
"23,""AppÃ¨l"",""AppÃ¨l creÃ«ert functies voor werknemers met een arbeidsbeperking via jobcarving. De reguliere functies bevatten vaak elementen die te lastig zijn voor de doelgroep: administratieve, rekenkundige en soms leidinggevende werkzaamheden. De makkelijkste werkzaamheden van functies worden geclusterd tot een nieuwe functie. Dit is niet op alle locaties mogelijk. Sommige locaties hebben maar â€šâ€šn of twee werknemers in een restaurant staan, dan is het bijna niet mogelijk om zonder aanzienlijke kosten van deze werkzaamheden volwaardige functies te maken. Om deze reden zoekt AppÃ¨l voornamelijk naar mogelijkheden bij grotere restaurants waar meer gedifferentieerde functies zijn. "",https://werkgeversgaaninclusief.nl/nl/node/11257,36,NULL,NULL"
"24,""Ubbink"",""Ubbink creÃ«ert functies op groepsniveau voor mensen met een beperking. Decennialang zijn sommige delen van de productie uitbesteed aan SW-organisaties in de buurt. In 1996 zijn tijdens een piekperiode SW-medewerkers intern geplaatst om snel orders weg te werken. Dit beviel zo goed, dat de constructie is omgezet naar een permanente situatie. Het biedt Ubbink veel voordelen:  de omschakeling naar nieuwe werkzaamheden kost minder tijd, het bedrijf werkt flexibeler en efficiÃ«nter. "",https://werkgeversgaaninclusief.nl/nl/node/11053,36,NULL,NULL"
"25,""Burgerhout"",""Burgerhout creÃ«ert werkervaringsplekken voor mensen met een arbeidsbeperking via het Werkervaringstraject. Jaarlijks volgen 30 tot 50 mensen dit traject, waarin ze werkervaring opdoen en socialiseren. 'We helpen als doelgroep mensen met een enorme afstand tot de arbeidsmarkt, die zelf niet in staat zijn om aan het werk te komen, die veelal ook door een re-integratiebureau niet geholpen kunnen worden. In samenwerking met de gemeente bedacht de directeur acht jaar geleden het project Werken Aan Werk (WAW). Er zit ook een zakelijke kant aan. Peter Pijl (voormalig bedrijfsdirecteur): 'Klanten zijn nog niet bereid om voor maatschappelijk ondernemen te betalen, dan gaan ze naar China. Als je met MVO geen geld kunt verdienen, kunnen wij als bedrijven het niet opbrengen. Door WAW hadden we de kans om ons in te spannen voor MVO, met een goede business case. Bovendien, als mensen er trots op zijn dat ze bij Burgerhout hebben gewerkt, kweek je goodwill in je omgeving.'   'Wat ik duidelijk wil maken aan andere ondernemers is: maak er een business case van, in plaats van te wachten op wettelijke afspraken en verplichtingen! Er is maar â€šâ€šn ding wat ondernemers wakker kan maken: euro's.'   Burgerhout betaalt â‚¬5 per productief uur en de gemeente vult dit aan. Het uitgangspunt is een productiviteit van 60-70%. De eerste twee maanden houden mensen hun uitkering. Door lage investeringen in dit project en de goede subsidies is het financiÃ«le voordeel hoog. Het weegt op tegen de inspanningen die we moeten leveren. 'Door dit project en de financiÃ«le regelingen eromheen, wordt de post 'loon' lager en ben ik in staat om dit deel van de productie in Nederland te houden.' "",https://werkgeversgaaninclusief.nl/nl/node/10959,36,NULL,NULL"
"26,""Jumbo"",""Supermarkt Jumbo IBB heeft ongeveer 25 medewerkers vanuit de SW aan het werk in de winkel. Zij voeren alle voorkomende werkzaamheden uit: van vrachtwagens lossen en vracht uitsorteren tot vakken vullen, spiegelen en opruimen. Ze werken op basis van groepsdetachering via UW.   De meeste vulploegkrachten van UW hebben een verstandelijke beperking. UW neemt de werving en selectie op zich en hanteert een aantal criteria. Dan gaat het om persoonlijke verzorging en hygiÃ«ne, maar ook psychische stabiliteit, lichamelijke fitheid en minimaal 50% van de vulploeg moet kunnen lezen, met het oog op 'fifo'-vullen (first in first out principe). "",https://werkgeversgaaninclusief.nl/nl/node/10961,36,NULL,NULL"
"27,""Drukkerij Wedding"",""Drukkerij Wedding heeft arbeidsplekken kunnen realiseren (twee vaste contracten voor Wajongers, een WSW'er via detachering) door de werving en selectie open te stellen voor mensen met een beperking. Veel kandidaten solliciteren ook zonder dat er vacatures zijn. Carin heeft daardoor een heel dossier van goede kandidaten kunnen opbouwen. Zij worden altijd uitgenodigd voor een gesprek.   'Het maakt niet uit wie een label heeft, iedereen heeft beperkingen en moet gewoon ingezet worden op zijn of haar talenten. Mensen met beperkingen weten van zichzelf welke beperkingen en talenten ze hebben, en dat kunnen wij inzetten. Als je dat een plekje weet te geven binnen je bedrijf, is er niets aan de hand. Ik zou niet weten waarom we zeggen dat deze mensen niet goed bij hun hoofd zijn, ze hebben alleen een 'psychologische kruk' nodig binnen een bedrijf.'  "",https://werkgeversgaaninclusief.nl/nl/node/10937,36,NULL,NULL"
"28,""Inclusief Ondernemers Netwerk aan de slag in Regio Rijk van Nijmegen"",""Dit nieuwe regionale netwerk bestaat uit ondernemers die staan voor inclusief ondernemen. Zij geloven dat sociaal maatschappelijk ondernemen de toekomst heeft en willen hier graag met andere ondernemers mee aan de slag.   Het ION is een initiatief van een groep ondernemers en het WerkBedrijf Rijk van Nijmegen. Het netwerk bestaat uit ondernemers die al met mensen werken met een afstand tot de arbeidsmarkt. Ze hebben de gezamenlijke ambitie om andere ondernemers te stimuleren om ook aan de slag te gaan met deze doelgroep. Het WerkBedrijf kan de ION-leden inzetten als ambassadeur, door ze bijvoorbeeld te vragen om kandidaten te introduceren in hun netwerk, mee te gaan op bedrijfsbezoeken en presentaties te geven aan geâ€¹nteresseerde ondernemers. "",http://samenvoordeklant.nl/praktijk/inclusief-ondernemers-netwerk-aan-de-slag-regio-rijk-van-nijmegen,23,NULL,NULL"
"29,""Expertisenetwerk LVB Amsterdam"",""Het expertisenetwerk LVB is hâ€št adres voor iedereen die vanuit zijn vakgebied te maken heeft met complexe LVB. Problemen die een integrale aanpak vereisen."",http://lvbinamsterdam.nl/,11,NULL,NULL"
"30,""Snaakmakers"",""Smaakmakers kijken verder! Als ondernemer bent u altijd op zoek naar werknemers met onvermoede kwaliteiten en talenten. Smaakmakers zijn ondernemers die mensen met een afstand tot de arbeidsmarkt in dienst hebben genomen. Het zijn inspirerende collega's die zorgen voor meer smaak.  Door hun inspirerende verhaal te vertellen, stimuleren smaakmakers andere bedrijven ook een stap te zetten en een kans te bieden aan mensen met een afstand tot de arbeidsmarkt. Wij willen hen daarvoor een platform bieden', zo vertelt Els Stokman, kwartiermaker van het regionaal Werkbedrijf Noord-Holland Noord. 'Hiervoor hebben wij een website ontwikkeld, www.onzesmaakmakers.nl. Wanneer je daar op de virtuele gevel van een bedrijf klikt, kom je binnen bij het bedrijf en vertelt de werkgever zijn verhaal in tekst en beeld. Ook het WerkgeversServicepunt Noord-Holland Noord staat op het platform. Hier kunnen werkgevers terecht voor vragen en voor het maken van een afspraak voor advies.' "",http://www.onzesmaakmakers.nl/,20,NULL,NULL"
"31,""'Van school, wat nu?'"",""De arbeidsmarktregio Food Valley heeft twee Prezi's gemaakt over de veranderingen in de Participatiewet met informatie voor scholen en leerlingen/ouders met de titel: 'Van school, wat nu?'"".  Er is een Prezi beschikbaar voor scholen en een Prezi voor leerlingen en hun ouders. Alle scholen in de arbeidsmarktregio Food Valley  hebben een gemeentelijk contactpersoon die samen met een dedicated arbeidskundige van  UWV de scholen voorlichten over de veranderingen als gevolg van de Participatiewet."",http://samenvoordeklant.nl/praktijk/prezi-vsopro-van-school-wat-nu,6,NULL,NULL"
"32,""Altra werkt!"",""Altra wil met Altra Werkt! jongeren die niet passen in een 'schoolse' omgeving, jongeren die niet in staat zijn om een startkwalificatie te behalen, perspectief bieden op een mooie toekomst: een betaalde baan. De doelgroep bestaat uit jongeren die leren het beste van directe ervaring. De jongeren nemen zelf het initiatief, niet de leraar. Ze draaien mee in een volwassen omgeving in samenwerking met collega's. De jongeren kunnen het geleerde onmiddellijk in de praktijk brengen en hebben daarom geen reden om te twijfelen aan het nut van het geleerde. Door het leren op de werkvloer kunnen jongeren zich stap voor stap duurzaam ontwikkelen."",http://projectspeciaal.nl/portfolio/altra-werkt/,36,NULL,NULL"
"33,""Tandwiel"",""Tandwiel is een samenwerkingsproject tussen Beroepscollege Praktijkschool Parkstad Limburg-VSO ZMLK Catharinaschool en VSO St. Jan Baptist waarbij leerlingen aan de 'bovenkant' van het ZML onderwijs die in het profiel arbeid zitten een overstap kunnen maken naar het Pro. Het gaat om het optimaal benutten van de kwaliteiten van beide onderwijssoorten. Leerlingen worden beter voorbereid op de arbeidsmarkt en hun persoonlijk welbevinden wordt vergroot."",http://projectspeciaal.nl/portfolio/tandwiel-vso-catharinaschool/,33,NULL,NULL"
"34,""ZeeuwsWerk"",""ZeeuwsWerk biedt mensen met een achterstand richting arbeidsmarkt en jongeren uit het praktijkonderwijs en voortgezet speciaal onderwijs de mogelijkheid arbeids- en  technische vaardigheden aan te leren en ervaring op te doen in een productieproces, waardoor de stap naar regulier werk of vervolgonderwijs eenvoudiger wordt. ZeeuwsWerk-hout maakt in opdracht van externen producten van hout. ZeeuwsWerk is een goed geoutilleerde en mooie leer- werk omgeving."",http://www.zeeuws-werk.nl/,30,NULL,NULL "
"35,""Toekomstcoach MEE"",""De MEE Toekomstcoach ondersteunt jongeren met een beperking, die vast dreigen te lopen in het onderwijs. De Toekomstcoach is in die periode vooral de verbindende schakel tussen de betrokken partijen en biedt de jongere een vertrouwde basis om op terug te vallen. Hij of zij pakt de gestapelde problematiek aan op basis van jarenlange ervaring met en kennis van het oplossen en begeleiden van jongeren met meervoudige problemen."",https://www.mee.nl/toekomstcoach,36,NULL,NULL "
"36,""PIT-STOP"",""PITSTOP biedt woonruimte aan jongeren die willen leren zelfstandig te wonen. Deze jongeren volgen een opleiding bij mbo Amersfoort of ROC Midden Nederland, maar lopen het risico uit te vallen door een instabiele thuissituatie. Ze kunnen niet meer thuis wonen en zijn ook nog niet in staat volledig zelfstandig te wonen. kortom, het gaat om jongeren die een steuntje in de rug nodig hebben voor ze op eigen benen kunnen staan."",http://www.sovee.nl/diensten/pitstop/,2,NULL,NULL"
"37,""Huisvesting Kwetsbare Groepen"",""In de gemeente Amsterdam is een programma Huisvesting Kwetsbare Groepen opgesteld in overleg met de stedelijke partners uit wonen, jeugd en zorg (corporaties, zorgaanbieders en belangenorganisaties). Dit programma wordt ook gezamenlijk uitgevoerd. Het doel van het programma is om vanaf 2018 alle urgente kwetsbare groepen binnen drie maanden een passende woonruimte aan te bieden. Een ander doel is om meer individueel begeleid wonen mogelijk te maken en snellere doorstroming naar zelfstandige woonruimte te realiseren. Kwetsbare groepen zijn alle groepen die vanwege een combinatie van sociale, maatschappelijk of medische omstandigheden een urgente vraag naar woonruimte hebben. Ook dak- en thuisloze jongeren en jonge moeders behoren tot de kwetsbare groepen en zullen profiteren van de opbrengst van het programma. Het programma verbindt lopende activiteiten, biedt beleidsmatige kaders, zorgt voor een gefundeerde afweging van belangen en stuurt vanuit budgetverantwoordelijkheid. De budgetverantwoordelijkheid ligt bij de gemeente."",https://www.nji.nl/nl/Kennis/Dossier/van-jeugd-naar-volwassenheid/Praktijkvoorbeelden,11,NULL,NULL"
"38,""1000-jongerenplan Twente"",""De gemeenten Almelo, Enschede en Oldenzaal vinden het belangrijk dat jongeren de kans krijgen zich optimaal te ontwikkelen zodat ze zo zelfstandig en volwaardig mogelijk in de samenleving kunnen participeren. Voor sommigen is dit het behalen van een startkwalificatie, voor anderen is dit het verkrijgen van een baan of een vorm van dagbesteding. Met de meeste jongeren gaat het gelukkig goed. Zij halen een diploma of vinden een baan en verwerven zo een plek in de samenleving waar ze hun talenten verder ontwikkelen. Er zijn alleen ook jongeren die daar meer moeite mee hebben. Zij hebben hulp en ondersteuning nodig bij het behalen van een diploma of het vinden en behouden van een werkplek. Het RMC draagt hierin verantwoordelijkheid door jongeren in een kwetsbare positie te ondersteunen in het behalen van het diploma of het vinden van een werkplek."",-,27,NULL,NULL"
"39,""Samen Onderwijs op Maat voor dak- en thuisloze jongeren"",""Omdat (dreigende) dakloosheid een indicator is voor schooluitval hebben de gemeenten Leeuwarden en Groningen, samen met jeugdhulpaanbieders, mbo's en het Samenwerkingsverband VandeStraat de handen ineen geslagen. Ze zijn sinds september 2015 in een proefveld met dak- en thuisloze jongeren aan de slag om hen weer naar school te helpen en zo een toekomstperspectief te bieden. Omdat het regulier onderwijs vaak niet voldoende aansluit op problemen van dak- en thuisloze jongeren, wordt met de jongeren zelf en met de betrokken scholen naar alternatieve routes gezocht. Zo wordt een doorbraak gezocht in een combinatie van 'het behalen van een diploma' en 'het leven weer op orde krijgen'. Veel van deze jongeren hebben zoveel schulden dat dit een grote last op hun schouders is; dan komt er van leren weinig terecht. Het proefveld werkt in actie met jongeren en scholen zelf, een doorbraakteam, een lokale stuurgroep, een landelijk opschalingsteam, een jongerenteam en een casusregisseur. De casusregisseur is de spil in het proefveld. Deze regisseur zal voortdurend afstemmen met de jongeren, het onderwijs en de gemeente om de belemmeringen die jongeren ervaren op te lossen. Contactpersoon: Hans Geleynse, casusregisseur hansgeleynse@gmail.com."",https://zwerfjongeren.nl/van-de-straat/onderwijs-op-maat-aan-dak-en-thuisloze-jongeren/,7,10,NULL,NULL"
"40,""Choose2improve (Gemeente Almere)"",""Choose2improve biedt onderwijs aan jongeren die thuis zitten en niet naar school gaan of werken. De voorziening is opgezet door Kwintes en richt zich op jongeren van 17-23 jaar. Choose2improve biedt op een laagdrempelige manier onderwijs. De voorziening bevindt zich in een buurtcentrum, waar de jongeren maximaal 4 uur per dag en tussen 10.00-14.00 uur les krijgen in kleine klassen met maximaal acht jongeren. Op die manier wennen de jongeren weer op een rustige manier aan het ritme op school. Als een jongeren zich meldt, volgt een intakeprocedure waarbij voor iedere jongere gekeken wordt wat er nodig is. Zijn er bijvoorbeeld schulden? Zijn er psychische klachten of is er hulp nodig thuis? Dan helpt de professional de jongeren daar ook bij. De voorziening is tot 17.00 uur open voor zorg en de hulpverleners zijn 24 uur per dag bereikbaar."",http://www.choose2improve.nl/,5,NULL,NULL
"
"41,""Team klantmanagers 'Multiproblem' Apeldoorn (sociale dienst)"",""Het team klantmanagers 'multiproblem' van de Apeldoornse sociale dienst gaat sinds de invoering van de Wmo 2015 behalve over de Participatiewet, ook over de toegang tot de Wmo voor bijzondere cliëntgroepen als zwerfjongeren, dak- en thuislozen, ex-gedetineerden, verslaafden en multiprobleemgezinnen. Dat betekent dat deze cliënten vanaf 2015 een integrale toegang hebben voor de Participatiewet (participatie, re-integratie, inkomensvoorziening) én de Wmo (individuele begeleiding, dagbesteding, thuisondersteuning, maatschappelijke opvang). De klantmanager stelt een plan op voor de participatie of re-integratie in het kader van de Participatiewet in combinatie met een Wmo-ondersteuningsplan, kent waar nodig een inkomensvoorziening toe én een Wmo-voorziening. De overtuiging is dat het één zonder het ander niet leidt tot herstel. Ook hebben de klantmanagers van de sociale dienst een nieuwe doelgroep sinds 2015: de cliënten in Beschermd Wonen GGZ die ook gebruik maken van een gemeentelijke inkomensvoorziening. Voor cliënten in Beschermd Wonen GGZ die géén gebruik maken van een gemeentelijke inkomensvoorziening ligt de toegang in het Wmo-loket. De klantmanagers 'multi-problem' en de Wmo-consulenten groeien langzaam naar elkaar toe, met een gezamenlijke werkplek. Op termijn moet deze integrale aanpak ook voor alle andere cliëntgroepen gaan gelden door de vorming van centra in de vier stadsdelen waarin Participatiewet, Wmo en Jeugdwet bij elkaar komen. Er zijn ook jongeren die doorstromen vanuit intramurale jeugdvoorzieningen naar Beschermd Wonen GGZ in de Wmo. Binnen Apeldoorn gelden daarbij soepele ingangsdata. Als een 17,5-jarige moet worden herindiceerd, en de verwachting is doorstroom naar Beschermd Wonen GGZ in de Wmo, dan volgt direct instroom in de Wmo. Als de verwachting is dat een jongere met 18,5 jaar kan uitstromen, dan wordt de ondersteuning binnen de Jeugdwet afgerond. Knelpunt richting aanbieders zijn nog de ongelijke tarieven in Wmo en Jeugdwet. Richting de contractperiode 2017 wordt daarom gestart met het synchroniseren daarvan. Contactpersoon: Antoine de Vlieger a.deVlieger@apeldoorn.nl."",-,26,NULL,NULL
"
"42,""Taskforce (Gemeente Groningen)"",""De gemeente Groningen wil een sluitende aanpak van kwetsbare jongeren. Specifiek voor jongeren in het praktijkonderwijs en voortgezet speciaal onderwijs. De gemeente heeft samen met  aanbieders, gemeenten en een zorgverzekeraar een checklist van 18- naar 18+ ontwikkeld, die inzicht geeft in de risico’s en mogelijkheden van jongeren die 18 worden. Deze checklist wordt ingezet in de jeugdhulpverlening  Een speciale taskforce, bestaande uit professionals uit verschillende domeinen zoals onderwijs, wonen en werk, bespreekt eventuele knelpunten en lost ze op. De consulent Werk van de gemeente bespreekt vanaf het derde leerjaar op de praktijkschool en vso-school de jongeren met uitstroomprofiel Arbeid, met de stagebegeleider. De begeleiding richt zich zoal op het toeleiden naar een afspraakbaan. Lukt dat niet? Dan eerst een stage of werken aan het versterken van vaardigheden en competenties. De consulent begeleidt intensief en zorgt voor een naadloze overgang naar de gemeente bij 18 jaar. Ze gaan uit van het principe dat de begeleiding kan duren tot iemand 67 jaar is. Voor de jongere (en ouders) is er één loket of aanspreekpunt en de rest is aan de achterkant georganiseerd. De jongeren en ouders hebben dus geen last van de verschillende werkwijzen. Het is een investering die zich op lange termijn terugverdiend. Meer informatie? Neem contact op met Geke van der Werff via Geke.van.der.Werff@groningen.nl"",-,10,NULL,NULL
"
"43,""Gemeentelijke beleidsplannen Participatie"",""Acht voorbeelden van gemeentelijke beleidsplannen m.b.t. de Participatiewet"",http://www.sociaalweb.nl/blogs/8-voorbeelden-van-beleidsplannen-participatiewet?utm_source=Mailing+Lijst&utm_medium=email&utm_campaign=Sociaalweb+mailing+28-04-2016,36,NULL,NULL"
"44,""Matchmentor"",""MatchMentor is een samenwerking tussen de gemeente Helmond, welzijnsorganisatie LEV-groep, het ROC Ter Aa in Helmond en verschillende basisscholen en middelbare scholen in de regio Helmond. Sterkste punt in MatchMentor is dat jongeren hun leven weer op de rails krijgen met hulp van een goed geschoolde vrijwilliger, die nauw aansluit bij de behoeften en de leefwereld van het kind of de jongere. De mentor is geen hulpverlener, maar begeleidt de jongeren gedurende een bepaalde tijd. De match tussen de mentor en de jongere wordt gemaakt door de coördinator van de LEV-groep in nauwe samenspraak met de begeleiders vanuit het onderwijs, de jeugdhulp of het jongerenwerk. Voorwaarde is dat de jongere het zelf ook wil. MatchMentor heeft inmiddels zo’n 200 mentoren en heeft al honderden jongeren geholpen. Er is een MatchMentor+ groep ingericht die zich richt op jongeren met autisme en ADHD. Dit in nauwe samenspraak met MEE en de ggz. De mentor richt zich op drie terreinen van het kind, namelijk de thuissituatie, het onderwijs en de vrije tijd. Ook jongeren vanaf 18 jaar worden begeleid, vaak vanuit het onderwijs en het jongerenwerk. Uit onderzoek van de Universiteit van Groningen blijkt de meerwaarde van het mentorschap. Schooluitval wordt verminderd en de cognitieve en sociale prestaties van de jongeren stijgen. Uit onderzoek blijkt vooral dat alleen kwalitatief goed mentorschap leidt tot resultaten."",http://matchmentor.nl/,13,NULL,NULL"
"45,""Jongerencontract wonen"",""In februari 2016 is een nieuwe wet in werking getreden die regelt dat jongeren van 18 tot 23 jaar een huurcontract voor maximaal vijf jaar kunnen afsluiten (eventueel nog met twee jaar uit te breiden). Gedurende de huurperiode van vijf jaar blijven jongeren inschrijfduur opbouwen, waarmee hun kansen op een volgende woning toeneemt. Woningbouwvereniging Aedes in Amsterdam werkt al een jaar op proef met speciale jongerencontracten en heeft daar goede ervaringen mee."",https://www.aedes.nl/artikelen/klant-en-wonen/huurbeleid/christenunie-tijdelijke-jongerencontracten-voor-betere-doorstroming.html,11,NULL,NULL"
"46,""Van de Straat (Gemeente Leeuwarden en Rotterdam)"",""Het samenwerkingsverband Van de Straat wil een betere toekomst voor dak- en thuisloze jongeren. Hiervoor is verandering en vernieuwing nodig, in en buiten de bestaande systemen. Een van de speerpunten is 18-min/18-plus. In Leeuwarden en Rotterdam is daarom een praktijkexperiment gestart. In een domeinoverstijgende aanpak van zorg-wonen-onderwijs-werk-inkomen wordt samen met jongeren in de praktijk onderzocht hoe de overgang van jeugdhulp naar volwassenzorg is te verbeteren met als doel een stabiel toekomstperspectief."",http://zwerfjongeren.nl/van-de-straat/,7,24,NULL,NULL"
"47,""Ervaringsthuis voor zwerfjongeren (Gemeente Utrecht)"",""BE4YOU2 en Youké zijn in Utrecht een Ervaringsthuis voor zwerfjongeren gestart. Zwerfjongeren kunnen hier tijdelijk verblijven. Naast huisvesting is het Ervaringsthuis een ontmoetingsplek. (Ex-) zwerfjongeren leren van elkaar en ondernemen samen activiteiten. De acceptatie en (h)erkenning van elkaars verhalen vormen een basis voor het herontdekken van talenten en bouwen aan een toekomstperspectief. De jongeren kunnen zelf ook worden opgeleid tot ervaringscoaches en hun talenten inzetten bij het verzorgen van workshops en activiteiten in het ervaringsthuis. Het project is in samenwerking met de gemeente Utrecht, wijkgerichte zorgpartners en lokale zelforganisaties. Youké en BE4YOU2 krijgen subsidie van het Skanfonds. Contactpersoon: Marlene van Steensel (Bestuursvoorzitter), 06-31960241, marlene.vansteensel@be4you2.nl"",http://be4you2.nl/2015/10/10/zwerfjongeren-in-hun-kracht-in-ervaringsthuis-van-youke-en-be4you2/,19,NULL,NULL"
"48,""Subsidie voor betaalbare jongerenhuisvesting (Gemeente Veenendaal)"",""De gemeente Veenendaal heeft een stimuleringsfonds voor het realiseren van betaalbare jongerenhuisvesting. Ze financiert de subsidies voor initiatieven uit haar Startersregeling. Zo is er geld verstrekt voor een initiatief om nieuwbouwwoningen aan te passen voor jongeren met een autisme spectrumstoornis, zodat zij daar ook zelfstandige woonruimte hebben. Dit stimuleringsfonds is een instrument uit de Toolbox Financieringsconstructies voor stedelijke vernieuwing, namelijk de TFC-constructie Stimuleringssubsidie Jongerenhuisvesting van de Rijksoverheid."",https://www.rvo.nl/initiatieven/financieringsvoorbeelden/jongerenhuisvesting-veenendaal,6,NULL,NULL"
"49,""Wegwerken van schulden"",""Verschillende gemeenten hebben regelingen voor jongeren die met grote schulden te maken hebben, volgens Nieuwsuur. De gemeente Leiden heeft bij een aantal jongeren problematische schulden opgekocht. Deze jongeren krijgen een betalingsregeling en begeleiding om niet opnieuw in de problemen te komen. In Den Haag kunnen jongeren hun schulden afkopen door (weer) naar school te gaan, te werken of vrijwilligerswerk te doen."",https://nos.nl/nieuwsuur/artikel/2106944-gemeenten-helpen-jongeren-met-schulden.html,36,NULL,NULL"
"50,""Samen1plan"",""Samen1Plan.nl is een online hulpverleningsplan voor zorgtrajecten waarbij meerdere professionals betrokkenen zijn. Op de beveiligde website delen cliënt of gezin, hulpverleners en eventueel personen uit het sociale netwerk doelen, acties, voortgang en agenda. Een gezamenlijk plan staat centraal, waarbij de rollen helder worden verdeeld. Samen1Plan.nl maakt het gemakkelijker om samen de lijn vast te houden, samen te werken en af te stemmen."",http://samen1plan.nl/,36,NULL,NULL"
"51,""Filmpje Bram"",""Bram zit op het voortgezet speciaal onderwijs maar kan zich moeilijk concentreren en heeft woedeaanvallen. Jongeren zoals Bram hebben bij de overstap van onderwijs naar werk, bemiddeling en ondersteuning nodig. Hoe zorgen gemeenten, onderwijs en werkgever ervoor dat Bram de begeleiding krijgt tot een zelfstandige plek in de maatschappij? Dit vraagt om een slimme verbinding tussen alle betrokken partijen. Samen met onze partners ondersteunt het NJi de uitvoering van een samenhangende aanpak door het verbinden van kennis en praktijk. Met antwoord op uw vragen, monitoring en onderzoek."",https://www.nji.nl/nl/Kennis/Dossier/Arbeidstoeleiding/Praktijkvoorbeelden,36,NULL,NULL"
"52,""School-ex-programma Graafschap College"",""Met het School-ex-programma begeleidt het Graafschap College kwetsbare studenten op hun weg naar de arbeidsmarkt. Jobcoaches ondersteunen jongeren bij het solliciteren en zetten hun netwerk in het regionale bedrijfsleven in. Inmiddels wordt de begeleiding steeds meer het onderwijs ingebracht, met sollicitatietrainingen en arbeidsmarktgerichte modules in het niveau-1-onderwijs. Gemeenten financieren een deel van het programma, mede omdat de slagingspercentages hoog zijn. De basis voor dit succes: jarenlange investeringen in persoonlijke relaties met alle betrokken partijen."",https://www.nji.nl/nl/Download-NJi/ArbeidstoeleidingSchoolexprogrammaGraafschap-College.pdf,1,NULL,NULL"
"53,""ZOWh@t West Friesland"",""Het (voortgezet) speciaal onderwijs en het praktijkonderwijs in West-Friesland hebben jarenlange ervaring met de begeleiding van jongeren in kwetsbare posities naar de arbeidsmarkt. Die expertise wordt nu breder ingezet voor alle kwetsbare jongeren tot 27 jaar, in nauwe samenwerking met mbo-scholen, het RMC, gemeenten, wijkteams en het bedrijfsleven. Het opbouwen van vertrouwen, zowel bij de jongeren als tussen de samenwerkingspartners, is hierin essentieel."",https://www.nji.nl/nl/Download-NJi/ArbeidstoeleidngZOWhatWestFriesland.pdf,7,NULL,NULL"
"54,""Pilot regio drechtsteden"",""De Sociale Dienst Drechtsteden werkt actief samen met scholen en UWV om jongeren in kwetsbare posities beter te begeleiden naar werk. Voor deze doelgroep hebben alle partners een specifieke aanpak ontwikkeld."",https://vng.nl/onderwerpenindex/werk-en-inkomen/aansluiting-onderwijs-arbeidsmarkt/nieuws/pilot-regio-drechtsteden-begeleidt-jongeren-naar-werk,3,NULL,NULL"
"55,""Inclusieve business cases uit eigen branche"",""Werkgeversvereniging AWVN en SBCM, A&O-fonds en kenniscentrum voor de Sociale Werkbedrijven, hebben het ‘Branchemodel inclusief werkgeven’ ontwikkeld. Hiermee kunnen branches hun leden ondersteunen om bij te dragen aan de Banenafspraak. Het model wordt op maat gemaakt en bevat dan branchespecifieke functies en taken voor mensen met een beperking, geeft praktijkvoorbeelden en een financiële onderbouwing."",https://werkgeversgaaninclusief.nl/nl/node/14472,36,NULL,NULL"
"56,""Haagse Jeugdpool"",Jongeren tot 26 jaar vanuit de bijstand aan werk helpen is het doel van de Haagse Jeugdpool, een project van de gemeente Den Haag en Tempo-Team. Hierbij zetten we deze jongeren structureel in bij verschillende opdrachtgevers die voor kortlopende opdrachten staan te springen om flexibele arbeidskrachten. Inmiddels hebben dertig jongeren hun plek gevonden in de Haagse Jeugdpool. Veel van de betrokken jongeren hebben al de stap gezet van een uitkering naar een vaste baan."",https://denhaag.raadsinformatie.nl/document/3337373/1/RIS281392%20Aanvalsplan%20Jeugdwerkloosheid%202015-2018%20Werk%20maken%20van%20Haagse%20jongeren,12,NULL,NULL"
"57,""Toeterjoepies"",""Stichting Toeterjoepies is eind 2009 opgericht door de eigenaren van het bedrijf Gewoon-HR: Erik Kaptein en Colinda van Dijk. Zij hadden (en hebben) de ambitie om hun kennis en ervaring op het gebied van loopbaancoaching en trainingen ook in te zetten voor jongeren die minder kansen hebben op de arbeidsmarkt. Sinds de oprichting van de stichting hebben zij jaarlijks een deel van de winst van Gewoon-HR gedoneerd aan de stichting. In 2015 is de stichting van start gegaan. Door het aannemen van een coördinator, gesprekken met de professionals in de nieuwe raad van advies, informatiebijeenkomsten voor de bijna veertig vrijwilligers, het uitwerken van een begeleidingsprogramma, het maken van een nieuwe website etc. is een goede basis gelegd om de ontwikkelingstrajecten daadwerkelijk te starten."",https://www.toeterjoepies.nl/,36,NULL,NULL"
"58,""De Nieuwe Kans (DNK) Rotterdam"",""DNK is een ‘verandertraject’. Het doel is dat de deelnemers aan DNK zo veranderen, dat het ze lukt om een stabiele plek in de samenleving te veroveren. Per persoon kan die verandering verschillend zijn. We kijken naar wat er nodig is voor jou. Wat belemmert jou in het bereiken van een stabiele plek en wat kun jij daar zelf aan doen? Daar gaan we mee aan de slag. DNK is dus niet zomaar een dagbesteding; het doel is dat je ergens komt."",https://www.denieuwekans.org/wat-doet-dnk/,24,NULL,NULL"
,,,0,0,0,0,NULL,NULL
